last,#,[形][名]最後の、この前の、最後,last.mp3
meet,#,[動]会う、迎える,meet.mp3
far,#,[副]遠くに、はるかに,far.mp3
break,#,[動]こわれる、割る、こわす,break.mp3
face,#,[名]顔,face.mp3
grow,#,[動]なる、育てる、増加する,grow.mp3
light,#,[名]光、明かり、電灯,light.mp3
once,#,[副]かつて、1度、昔,once.mp3
stand,#,[動]立つ,stand.mp3
still,#,[副]まだ、今でも、それでも,still.mp3
can,#,[助]することができる、できる,can.mp3
plant,#,[名]植物、草木,plant.mp3
since,#,[接]して以来,since.mp3
work,#,[名]仕事、勉強、労働,work.mp3
around,#,[前]のまわりの、くらいに〔で〕、ころ,around.mp3
even,#,[副]さえ、でさえ、でも,even.mp3
for,#,[前]へ向かって、のための〔に〕,for.mp3
head,#,[名]先頭、頭、頭部,head.mp3
pretty,#,[形]かわいい、すてきな、きれいな,pretty.mp3
run,#,[動]走る,run.mp3
say,#,[動]言う、口に出す,say.mp3
some,#,[形]いくつかの、いくらかの、ある,some.mp3
well,#,[副コじょうずに、うまく、よく,well.mp3
will,#,[助]でしょう、だろう、するだろう,will.mp3
care,#,[名]心配、注意、世話,care.mp3
drive,#,[動]運転する、ドライブする,drive.mp3
else,#,[副]そのほかに、ほかに,else.mp3
ever,#,[副]これまでに7今まで,ever.mp3
fall,#,[名]秋、落下,fall.mp3
fly,#,[動]飛ぶ、飛んで行く、飛行機で行く,fly.mp3
keep,#,[動]留める、しまっておく、守る,keep.mp3
leave,#,[動]去る、出発する、残す,leave.mp3
may,#,[助]してもよい、かもしれない、だろう,may.mp3
name,#,[名]名前,name.mp3
need,#,[動]必要とする、要る,need.mp3
picture,#,[名]写真、絵,picture.mp3
rise,#,[動]上がる、昇る、起き上がる,rise.mp3
turn,#,[動]曲がる、向かう、回る,turn.mp3
walk,#,[動]歩く、歩いていく,walk.mp3
among,#,[前]の間で、の間に、の中に,among.mp3
back,#,[副]うしろへ戻って、もとへ,back.mp3
bad,#,[形]悪い、へたな,bad.mp3
black,#,[名]黒,black.mp3
busy,#,[形]忙しい、(場所が)にぎやかな,busy.mp3
draw,#,[動]描く、絵を描く、引く,draw.mp3
forget,#,[動]忘れる,forget.mp3
like,#,[動]好む、好きだ、気に入る,like.mp3
live,#,[動]生きる、住む、住んでいる,live.mp3
look,#,[動]見る,look.mp3
place,#,[名]場所、所、立場,place.mp3
play,#,[動](スポーツなどを)する、遊ぶ,play.mp3
ride,#,[動]乗る、乗って行く,ride.mp3
room,#,[名]部屋,room.mp3
those,#,[代]あれらは、あれらが、それらは,those.mp3
time,#,[名]時刻、時間、～回,time.mp3
warm,#,[形]温かい、暑い,warm.mp3
welcome,#,[間]ようこそ、いらっしゃい,welcome.mp3
where,#,[副]どこに、どこへ、どこで,where.mp3
across,#,[副]横に、横切って,across.mp3
all,#,[形]すべての、あらゆる,all.mp3
ball,#,[名]球、ボール、たま,ball.mp3
every,#,[形]毎～、すべての、毎(ごと)に,every.mp3
fast,#,[形]速い,fast.mp3
go,#,[動]行く,go.mp3
hard,#,[副]一生懸命、熱心に激しく,hard.mp3
just,#,[副]単に、ちょうど、ほんの,just.mp3
life,#,[名]生命、生活、人生,life.mp3
lose,#,[動]失う、なくす、負ける,lose.mp3
lost,#,[形]道に迷った、失われた、負けた,lost.mp3
much,#,[副]たいへん、おおいに、とても,much.mp3
or,#,[接]または、それとも、あるいは,or.mp3
park,#,[名]公園,park.mp3
please,#,[動]喜ばせる,please.mp3
put,#,[動]置く、入れる、のせる,put.mp3
shout,#,[動]叫ぶ、大声で言う,shout.mp3
study,#,[動]勉強する、研究する、調べる,study.mp3
sure,#,[副]確かに,sure.mp3
take,#,[動]とる、乗る、連れていく,take.mp3
then,#,[副]それでは、それから、その時,then.mp3
through,#,[前]の間から、の中から、を通って,through.mp3
very,#,[副]とても、たいへん、ひじょうに,very.mp3
when,#,[副]いつ,when.mp3
without,#,[前]なしに、なしで、がなければ,without.mp3
yet,#,[副]まだ(～ない)、もう,yet.mp3
about,#,[前]について、に関して,about.mp3
any,#,[形]いくつかの、どんな～でも,any.mp3
but,#,[接]しかし、でも、だが,but.mp3
class,#,[名]授業、クラス、学級,class.mp3
clean,#,[動]そうじする,clean.mp3
cold,#,[形]寒い、冷たい、冷えた,cold.mp3
cut,#,[動]切る、切断する、短縮する,cut.mp3
dark,#,[形]暗い、黒い,dark.mp3
dear,#,[形]親愛なる、様いとしい,dear.mp3
die,#,[動]死ぬ、なくなる,die.mp3
eat,#,[動]食べる,eat.mp3
either,#,[副][否定文で]もまた(～ない),either.mp3
eye,#,[名]目,eye.mp3
farm,#,[名]農場、農園,farm.mp3
fish,#,[名]魚、魚肉,fish.mp3
foot,#,[名](足首から下の部分の)足,foot.mp3
hand,#,[名]手,hand.mp3
introduce,#,[動]紹介する、導入する,introduce.mp3
language,#,[名]言語、言葉,language.mp3
late,#,[形][副]遅い、遅れた、遅刻した,late.mp3
later,#,[副]あとで、のちほど、その後,later.mp3
letter,#,[名]手紙、文字,letter.mp3
little,#,[形]小さい、少しの、僅かな,little.mp3
nothing,#,[代]何も～ない、何もない、何も～でない,nothing.mp3
one,#,[名]1 ,one.mp3
open,#,[動]開ける、開く,open.mp3
out,#,[副]外に〔へ〕、離れて,out.mp3
read,#,[動]読む、読んだ,read.mp3
sell,#,[動]売る,sell.mp3
ship,#,[名]船,ship.mp3
should,#,[助]すべきである、したほうがよい,should.mp3
show,#,[動]見せる、示す,show.mp3
so,#,[副]そんなに、そのように、それほど,so.mp3
spend,#,[動]過ごす、ついやす、使う,spend.mp3
spring,#,[名]春ばね、スプリング,spring.mp3
stay,#,[名][動]滞在(する),stay.mp3
that,#,[代]あれは、あれが、それは,that.mp3
train,#,[名]列車、電車,train.mp3
water,#,[名]水,water.mp3
way,#,[名]道、道のり、方法,way.mp3
white,#,[名][形]白、白色,white.mp3
yard,#,[名]庭中庭,yard.mp3
along,#,[副]沿って、前へ,along.mp3
and,#,[接]そして、と,and.mp3
another,#,[形]もう1人の、もう1つの、他の,another.mp3
arm,#,[名]腕,arm.mp3
away,#,[副]離れて、あちらへ、去って,away.mp3
book,#,[名]本、書物,book.mp3
bring,#,[動]持ってくる、連れてくる,bring.mp3
build,#,[動]建てる、築く、建築する,build.mp3
buy,#,[動]買う,buy.mp3
call,#,[動]電話をかける、呼ぶ、(～を～と)よぶ,call.mp3
car,#,[名]自動車、車、乗用車,car.mp3
carry,#,[動]運ぶ、持っていく,carry.mp3
catch,#,[動]捕まえる、捕らえる,catch.mp3
change,#,[動]変える、取りかえる、変わる,change.mp3
cloud,#,[名]雲,cloud.mp3
come,#,[動]来る,come.mp3
cook,#,[動]料理する,cook.mp3
different,#,[形]違った、異なった、異なる,different.mp3
drink,#,[動]飲む,drink.mp3
example,#,[名]例、実例、手本,example.mp3
feel,#,[動]感じる、(～のような)感じがする,feel.mp3
find,#,[動]見つける、見つけ出す,find.mp3
fine,#,[形]元気な、すてきな、よろしい、晴れた,fine.mp3
game,#,[名]試合、ゲーム、遊び,game.mp3
half,#,[名]半分、2分の1、30分,half.mp3
hope,#,[名][動]希望、望み、望む,hope.mp3
idea,#,[名]考え、思いつき、着想,idea.mp3
if,#,[接]もし～ならば、もし～なら,if.mp3
invite,#,[動]招待する、招く、誘う,invite.mp3
kind,#,[名][形]種類、親切な、優しい,kind.mp3
lend,#,[動]貸す、貸与する,lend.mp3
long,#,[形]長い,long.mp3
love,#,[名][動]愛、恋、恋愛、愛する、大好きだ,love.mp3
man,#,[名]男の人、男性、人,man.mp3
minute,#,[名](時間の)分、少しの間,minute.mp3
my,#,[代]私の,my.mp3
old,#,[形]古い、昔の、年をとった,old.mp3
only,#,[副]ただ～だけ、ほんの、たった,only.mp3
paper,#,[名]紙、新聞、(宿題などの)リポート,paper.mp3
plane,#,[名]飛行機,plane.mp3
popular,#,[形]評判のよい、人気のある、大衆的な,popular.mp3
question,#,[名]質問、疑問、問題,question.mp3
quickly,#,[副]すばやく、速く、急速に,quickly.mp3
rich,#,[形]金持ちの、豊かな、富んだ,rich.mp3
see,#,[動]見る、会う、わかる,see.mp3
send,#,[動]送る,send.mp3
sit,#,[動]座る、席につく,sit.mp3
sleep,#,[動]眠る,sleep.mp3
something,#,[代]何か、あるもの、あること,something.mp3
son,#,[名]息子,son.mp3
star,#,[名]スター、星,star.mp3
stop,#,[動]止まる、止める、やめる,stop.mp3
store,#,[名]店、小売店、ストアー,store.mp3
swim,#,[動]泳ぐ,swim.mp3
table,#,[名]テーブル、食卓,table.mp3
today,#,[名][副]きょう、今日,today.mp3
understand,#,[動]理解する、わかる,understand.mp3
useful,#,[形]役に立つ、ためになる、有用な,useful.mp3
vacation,#,[名]休暇、休み、バカンス,vacation.mp3
wash,#,[動]洗う、洗濯する,wash.mp3
afraid,#,[形]恐れて、こわがって,afraid.mp3
after,#,[前]のあとに、の後(のち)に,after.mp3
again,#,[副]再び、もう1度また,again.mp3
anyone,#,[代](疑問文で)だれか、だれでも,anyone.mp3
anything,#,[代]何か、(疑問文で)何か、(否定文で)何も,anything.mp3
arrive,#,[動]到着する、着く,arrive.mp3
ask,#,[動]問う、(～に)たずねる、聞く,ask.mp3
become,#,[動]になる,become.mp3
before,#,[前]の前に,before.mp3
big,#,[形]大きい,big.mp3
blue,#,[名][形]青、青い,blue.mp3
boy,#,[名]少年、男の子,boy.mp3
cake,#,[名]ケーキ、お菓子,cake.mp3
chair,#,[名]いす,chair.mp3
color,#,[名]色、色彩,color.mp3
cool,#,[形]すずしい、冷たい、冷静な,cool.mp3
country,#,[名]国、国家、いなか,country.mp3
cry,#,[動][名]泣く、叫ぶ、大声で言う、泣き声,cry.mp3
cup,#,[名]カップ、茶わん,cup.mp3
daughter,#,[名]娘,daughter.mp3
day,#,[名]日、1日、昼間,day.mp3
during,#,[前]の間じゆう、の間ずっと、の間に,during.mp3
each,#,[形]おのおのの、めいめいの、それぞれの,each.mp3
ear,#,[名]耳、聴力,ear.mp3
early,#,[形][副]早い、早く,early.mp3
enioy,#,[動]楽しむ、楽しんでいる、享受する,enioy.mp3
enough,#,[形][副]十分な、十分に,enough.mp3
family,#,[名]家族、家庭、家族の人たち,family.mp3
famous,#,[形]有名な、広く知れわたった,famous.mp3
food,#,[名]食べ物、食物、食料,food.mp3
from,#,[前]から、の出身の,from.mp3
hello,#,[間]こんにちは、やあ、もしもし,hello.mp3
here,#,[副]ここに、ここへ、ここで,here.mp3
high,#,[形][副]高い、高等な、の高さの、高く,high.mp3
hobby,#,[名]趣味、道楽,hobby.mp3
home,#,[副][名]家へ、家に、家、家庭、自宅,home.mp3
hour,#,[名]時刻、時間、1時間,hour.mp3
house,#,[名]家、住宅,house.mp3
important,#,[形]重要な、大切な,important.mp3
jump,#,[動]跳ぶ、はねる、とびはねる,jump.mp3
learn,#,[動]学ぶ、習う、覚える,learn.mp3
lesson,#,[名]課、授業、教訓,lesson.mp3
listen,#,[動]聴く、耳を傾ける,listen.mp3
make,#,[動]作る、になる、にする,make.mp3
mine,#,[代]私のもの,mine.mp3
mouth,#,[名]口,mouth.mp3
music,#,[名]音楽,music.mp3
never,#,[副]1度もない、決してしない,never.mp3
new,#,[形]新しい,new.mp3
next,#,[形][副]次の、隣の、今度の、次に、今度は,next.mp3
night,#,[名]夜、晩,night.mp3
nose,#,[名]鼻,nose.mp3
notebook,#,[名]帳面、ノート,notebook.mp3
peace,#,[名]平和、安心、静けさ,peace.mp3
pen,#,[名]ペン,pen.mp3
peeple,#,[名]人々,peeple.mp3
poor,#,[形]貧しい、かわいそうな、あわれな,poor.mp3
red,#,[名][形]赤、赤い,red.mp3
school,#,[名]学校、授業、流派,school.mp3
science,#,[名]科学、自然科学、理科,science.mp3
season,#,[名]季節、時期,season.mp3
shop,#,[名][動]店、小売店、ショップ、買い物をする,shop.mp3
short,#,[形]短い、背が低い、不足した,short.mp3
sick,#,[形]病気の、気分が悪い,sick.mp3
sing,#,[動]歌う,sing.mp3
station,#,[名]駅、局、署,station.mp3
strong,#,[形]じょうぶな、強い,strong.mp3
student,#,[名]生徒、学生,student.mp3
sun,#,[名]太陽、日光、日差し,sun.mp3
talk,#,[動]話す、話をする、しゃべる,talk.mp3
tea,#,[名]茶、紅茶,tea.mp3
try,#,[動]試す、試みる、努力する,try.mp3
under,#,[前][副]～の下の、～の下に、下に,under.mp3
visit,#,[動]訪問する、訪ねる、訪れる,visit.mp3
wall,#,[名]壁、へい,wall.mp3
want,#,[動]が欲しい、を欲する、欲しがる,want.mp3
what,#,[代][形]何を、何が、どんなもの、何の,what.mp3
who,#,[代]だれ、だれが、どんな人,who.mp3
whose,#,[代】だれの、だれのもの,whose.mp3
why,#,[副]なぜ、どうして,why.mp3
wind,#,[名]風,wind.mp3
write,#,[動]書く、手紙を書く,write.mp3
wrong,#,[形][副]間違った、ぐあいが悪い、誤った、誤って,wrong.mp3
afternoon,#,[名]午後,afternoon.mp3
ago,#,[副]前に、以前に,ago.mp3
already,#,[副]すでに、もう,already.mp3
also,#,[副]もまた、また、同様に,also.mp3
always,#,[副]つねに、いつも、いつでも,always.mp3
animal,#,[名]動物,animal.mp3
answer,#,[名][動]答え、返事、解答、答える、返事する,answer.mp3
aunt,#,[名]おば,aunt.mp3
bag,#,[名]かばん、バッグ、袋,bag.mp3
baseball,#,[名]野球,baseball.mp3
beautiful,#,[形]美しい、きれいな,beautiful.mp3
because,#,[接]なぜなら、なので、そのわけは,because.mp3
bed,#,[名]ベッド、寝床、寝台,bed.mp3
begin,#,[動]始める、始まる,begin.mp3
believe,#,[動]信じる,believe.mp3
between,#,[前]のあいだに、のどちらかを,between.mp3
bird,#,[名]鳥,bird.mp3
birthday,#,[名]誕生日,birthday.mp3
boat,#,[名]ボート、船、小舟,boat.mp3
bread,#,[名]パン、食パン,bread.mp3
breakfast,#,[名]朝食、朝ごはん,breakfast.mp3
brother,#,[名]兄、弟、兄弟,brother.mp3
building,#,[名]建物、ビルディング、建築物,building.mp3
bus,#,[名]バス,bus.mp3
card,#,[名]カード、はがき、トランプ札,card.mp3
cat,#,[名]ネコ,cat.mp3
child,#,[名]子供,child.mp3
city,#,[名]市、都市、都会,city.mp3
club,#,[名]クラブ、部,club.mp3
desk,#,[名]机,desk.mp3
dictionary,#,[名]辞書、辞典,dictionary.mp3
dinner,#,[名]ディナー、タ食、晩餐会,dinner.mp3
dog,#,[名]犬,dog.mp3
door,#,[名]ドア、戸、玄関,door.mp3
down,#,[副]下に、下へ、下の方に,down.mp3
dream,#,[名][動]夢、夢を見る,dream.mp3
easy,#,[形]やさしい、容易な、かんたんな,easy.mp3
evening,#,[名]晩、タ方、夜,evening.mp3
everyone,#,[代]みなさん、だれでも、すべての人,everyone.mp3
everything,#,[代]すべてのもの、すべてのこと、何でも,everything.mp3
father,#,[名]父、お父さん、父親,father.mp3
finish,#,[動]終える、済ます、終わる,finish.mp3
flower,#,[名]花、草花,flower.mp3
friend,#,[名]友達、仲間、友人,friend.mp3
fruit,#,[名]くだもの、フルーツ、果実,fruit.mp3
garden,#,[名]庭、庭園,garden.mp3
girl,#,[名]少女、女の子,girl.mp3
give,#,[動]与える、やる、あげる、(会などを)催す,give.mp3
glad,#,[形]うれしい、喜んで、喜ばしい,glad.mp3
glass,#,[名]グラス、コップ、ガラス,glass.mp3
great,#,[形]偉大な、大きな、すごい,great.mp3
green,#,[名][形]緑、緑色、緑の、緑色の,green.mp3
hair,#,[名]髪、毛、髪の毛,hair.mp3
happy,#,[形]幸福な、うれしい、楽しい,happy.mp3
have,#,[動]持つ、持っている、食べる,have.mp3
he,#,[代]彼は、彼が,he.mp3
hear,#,[動]聞く、耳にする、聞こえる,hear.mp3
help,#,[動]手伝う、助ける、役に立つ,help.mp3
hers,#,[代]彼女のもの,hers.mp3
hill,#,[名]丘、小山,hill.mp3
holiday,#,[名]休日、休暇、祝日,holiday.mp3
hot,#,[形]暑い、熱い,hot.mp3
how,#,[副]どんなふうに、どのようにして,how.mp3
hundred,#,[名][形]100、百、100の、百の,hundred.mp3
interesting,#,[形]興味のある、おもしろい、興味深い,interesting.mp3
into,#,[前]の中へ、の中に,into.mp3
kitchen,#,[名]台所、キッチン,kitchen.mp3
know,#,[動]知っている、知る,know.mp3
lake,#,[名]湖、湖水,lake.mp3
large,#,[形]大きい、広い,large.mp3
left,#,[名][形]左、左の,left.mp3
library,#,[名]図書館、図書室、蔵書,library.mp3
lunch,#,[名]昼食、昼飯、弁当,lunch.mp3
many,#,[形]多くの、たくさんの、多数の,many.mp3
milk,#,[名]乳、牛乳,milk.mp3
momey,#,[名]金、お金、金銭,momey.mp3
month,#,[名]ひと月、月,month.mp3
moon,#,[名]月、衛星、月の光,moon.mp3
morning,#,[名]朝、午前,morning.mp3
mother,#,[名]母、お母さん、母親,mother.mp3
mountain,#,[名]山,mountain.mp3
near,#,[前][形]の近くに、の近くへ、近い,near.mp3
news,#,[名]知らせ、ニュース,news.mp3
nice,#,[形]よい、すてきな、親切な,nice.mp3
noon,#,[名]正午、お昼、昼,noon.mp3
now,#,[副]今、さあ、現在,now.mp3
often,#,[副]しばしば、たびたび、よく,often.mp3
other,#,[代]ほかのもの、ほかの人,other.mp3
ours,#,[代]私たちのもの,ours.mp3
pencil,#,[名]えんぴつ,pencil.mp3
player,#,[名]選手、競技者、演奏者,player.mp3
rain,#,[名][動]雨、雨ふり、雨が降る,rain.mp3
ready,#,[形]用意ができて、準備ができて,ready.mp3
rice,#,[名]米、ごはん,rice.mp3
river,#,[名]川,river.mp3
sad,#,[形]悲しい、悲しそうな、さびしい,sad.mp3
same,#,[形][代]同じ、同一の、同じもの、同じこと,same.mp3
sea,#,[名]海,sea.mp3
she,#,[代]彼女は、彼女が,she.mp3
sister,#,[名]姉、妹(女の)きょうだい,sister.mp3
sky,#,[名]空,sky.mp3
small,#,[形]小さな、せまい,small.mp3
smile,#,[名][動]ほほえみ、微笑む,smile.mp3
snow,#,[名][動]雪、雪が降る,snow.mp3
someone,#,[代]だれか、ある人,someone.mp3
soon,#,[副]まもなく、すぐに、やがて,soon.mp3
sorry,#,[形]申しわけない、残念な,sorry.mp3
speak,#,[動]話す、しゃべる,speak.mp3
start,#,[動][名]始める、始まる、出発する、開始,start.mp3
story,#,[名]話、物語、階,story.mp3
street,#,[名]街路通り,street.mp3
such,#,[形]このような、そんな、そのような,such.mp3
summer,#,[名]夏,summer.mp3
tall,#,[形]高い、背が高い,tall.mp3
teach,#,[動]教える、教えている,teach.mp3
teacher,#,[名]先生、教師,teacher.mp3
tell,#,[動]話す、教える、言う,tell.mp3
tennis,#,[名]テニス、庭球,tennis.mp3
than,#,[接]より、よりも,than.mp3
thank,#,[動]感謝する、礼を言う,thank.mp3
there,#,[副]そこで、そこに、そこへ,there.mp3
these,#,[代]これらは、これらが、これら,these.mp3
they,#,[代]彼らは、彼女らは、それらは,they.mp3
thing,#,[名]もの、こと,thing.mp3
think,#,[動]考える、思う,think.mp3
this,#,[代]これは、この人は、この人が,this.mp3
thousand,#,[名][形]千、千の,thousand.mp3
together,#,[副]いっしょに、ともに,together.mp3
tomorrow,#,[名]あす、あした,tomorrow.mp3
too,#,[副]～も、もまた、あまりにも、～すぎる,too.mp3
town,#,[名]町、街,town.mp3
tree,#,[名]木、樹木、立ち木,tree.mp3
uncle,#,[名]おじ、おじさん,uncle.mp3
usually,#,[副]たいてい、通常、ふつう(は),usually.mp3
village,#,[名]村、村落,village.mp3
wait,#,[動]待つ、期待する,wait.mp3
watch,#,[動][名]見る(意識的に)、気をつける、腕時計,watch.mp3
we,#,[代]私たち(は、が)、我々(は、が),we.mp3
week,#,[名]週、1週間,week.mp3
which,#,[代][形]どちら(が、を)、どれ(が、を)、どの、どちらの,which.mp3
wife,#,[名]妻、夫人、奥さん,wife.mp3
window,#,[名]窓、窓口,window.mp3
winter,#,[名]冬,winter.mp3
woman,#,[名]女の人、女性、婦人,woman.mp3
wonderful,#,[形]すばらしい、すてきな、驚くべき,wonderful.mp3
word,#,[名]ことば、単語、語,word.mp3
world,#,[名]世界、世間,world.mp3
year,#,[名]年、1年、～歳,year.mp3
yellow,#,[名][形]黄色、黄色い,yellow.mp3
yesterday,#,[副]きのう、きのうは、昨日,yesterday.mp3
you,#,[代]あなた(は、が、を),you.mp3
yours,#,[代]あなた〔たち〕のもの,yours.mp3
Sunday,#,[名]日曜日,Sunday.mp3
Monday,#,[名]月曜日,Monday.mp3
Tuesday,#,[名]火曜日,Tuesday.mp3
Wednesday,#,[名]水曜日,Wednesday.mp3
Thursday,#,[名]木曜日,Thursday.mp3
Friday,#,[名]金曜日,Friday.mp3
Saturday,#,[名]土曜日,Saturday.mp3
January,#,[名]1月,January.mp3
February,#,[名]2月,February.mp3
March,#,[名]3月,March.mp3
April,#,[名]4月,April.mp3
May,#,[名]5月,May.mp3
June,#,[名]6月,June.mp3
July,#,[名]7月,July.mp3
August,#,[名]8月,August.mp3
September,#,[名]9月,September.mp3
0ctober,#,[名]10月,0ctober.mp3
November,#,[名]11月,November.mp3
December,#,[名]12月,December.mp3
step,#,[名][動]足もと、一歩、歩み、歩を進める、踏む,step.mp3
hold,#,[動]保つ、抱く、つかむ、(会などを)開く,hold.mp3
maybe,#,[副]たぶん、おそらく、ひょっとしたら,maybe.mp3
save,#,[動]救う、保つ、とっておく,save.mp3
touch,#,[動]触れる、さわる、接する,touch.mp3
wear,#,[動]着ている、身につけている、装う,wear.mp3
while,#,[名][接]間、時間、少しの時間、～する間に,while.mp3
get,#,[動]着く、手に入れる、取ってくる,get.mp3
move,#,[動]動く、動かす、移動する,move.mp3
part,#,[名][動]部分、一部、要素、分かれる、分ける,part.mp3
alone,#,[副][形]ひとりきりで、単独で、(～)のみで,alone.mp3
clothes,#,[名]服、衣服、着物,clothes.mp3
math,#,[名]数学,math.mp3
chance,#,[名]機会、チャンス、見込み,chance.mp3
inside,#,[形][副]内側の、内側に,inside.mp3
foreign,#,[形]外国の、外国人の,foreign.mp3
forest,#,[名]森、森林、山林,forest.mp3
fun,#,[名]楽しみ、楽しいこと、おもしろいこと,fun.mp3
group,#,[名]グループ、集団、群れ,group.mp3
happen,#,[動]起こる、生じる、発生する,happen.mp3
mom,#,[名]お母さん,mom.mp3
quiet,#,[形]静かな、静寂な、ひっそりとした,quiet.mp3
radio,#,[名]ラジオ、ラジオ放送,radio.mp3
several,#,[形]いくつかの、数個の,several.mp3
side,#,[名]側、面、片側,side.mp3
true,#,[形]ほんとうの、真実の、真の,true.mp3
until,#,[前]まで(ずっと),until.mp3
earth,#,[名]地球、大地、地面,earth.mp3
front,#,[名]前方、前、正面,front.mp3
history,#,[名]歴史,history.mp3
junior,#,[形]下級の、年下の、より若い,junior.mp3
laugh,#,[動]笑う,laugh.mp3
office,#,[名]事務所、役所、会社,office.mp3
stone,#,[名]石,stone.mp3
use,#,[動]使う、利用する,use.mp3
voice,#,[名]声、音,voice.mp3
homework,#,[名]宿題,homework.mp3
kill,#,[動]殺す、死なせる,kill.mp3
orange,#,[名][形]オレンジ、オレンジ色の,orange.mp3
rainy,#,[形]雨降りの、雨の、雨の多い,rainy.mp3
ski,#,[動]スキーをする、スキーですべる,ski.mp3
war,#,[名]戦争、戦い、いくさ,war.mp3
young,#,[形]若い,young.mp3
baby,#,[名]赤ん坊、赤ちゃん,baby.mp3
both,#,[代][形]両方(の),both.mp3
box,#,[名]箱,box.mp3
careful,#,[形]注意深い、用心深い、慎重な,careful.mp3
difficult,#,[形]むずかしい、困難な、面倒な,difficult.mp3
doctor,#,[名]医者、医師,doctor.mp3
egg,#,[名]卵,egg.mp3
member,#,[名]会員、部員,member.mp3
newspaper,#,[名]新聞(紙),newspaper.mp3
paint,#,[動][名](絵を)描く、ペンキを塗る、ペンキ、塗料,paint.mp3
parent,#,[名]親、(複数形で)両親,parent.mp3
plan,#,[名]計画、予定、考え,plan.mp3
south,#,[名]南、南方、南部,south.mp3
everywhere,#,[副]どこでも、いたるところに,everywhere.mp3
land,#,[名][動]陸地、土地、地面、着陸する,land.mp3
space,#,[名]宇宙,space.mp3
wave,#,[名][動]波、波動、揺れる、手を振る、振る,wave.mp3
cute,#,[形]かわいい、りこうな、魅力的な,cute.mp3
fight,#,[動][名]戦う、けんかをする、奮闘する、戦い,fight.mp3
own,#,[形][代]自分自身の、自身の、固有の、自分自身のもの,own.mp3
curtain,#,[名]カーテン、(劇場の)幕,curtain.mp3
dirty,#,[形]よごれた、きたない、不潔な,dirty.mp3
behind,#,[前]の後ろに、の背後に、のあとを,behind.mp3
camp,#,[名][動]キャンプ、収容所、キャンプをする,camp.mp3
computer,#,[名]コンピュータ,computer.mp3
pay,#,[動](お金を)払う、支払う,pay.mp3
speech,#,[名]演説、スピーチ、あいさつ,speech.mp3
corner,#,[名]角、曲がり角、隅(すみ),corner.mp3
field,#,[名]競技場、牧草地、畑,field.mp3
future,#,[名]将来、未来,future.mp3
hit,#,[動]たたく、打つ、なぐる,hit.mp3
person,#,[名]人、個人,person.mp3
return,#,[動]もどる、帰る、を返す,return.mp3
body,#,[名]体、胴体、身体,body.mp3
climb,#,[動]登る、よじ登る,climb.mp3
diary,#,[名]日記,diary.mp3
free,#,[形]ひまな、自由な、無料の,free.mp3
heart,#,[名]心、心臓感情,heart.mp3
nurse,#,[名]看護婦、看護師,nurse.mp3
top,#,[名]頂上、てっぺん、最上部,top.mp3
travel,#,[名][動]旅行、旅行する,travel.mp3
weather,#,[名]天気、天候、空もよう,weather.mp3
almost,#,[副]ほとんど、もう少しで,almost.mp3
dad,#,[名]お父さん、パパ、おとうちゃん,dad.mp3
dance,#,[動][名]踊る、ダンスをする、ダンス、踊り,dance.mp3
homeroom,#,[名]ホームルーム,homeroom.mp3
job,#,[名]仕事、任務,job.mp3
party,#,[名]パーティー、会、集まり,party.mp3
phone,#,[名]電話,phone.mp3
receive,#,[動]受けとる、もらう、受ける,receive.mp3
angry,#,[形]怒った、腹を立てた、怒って,angry.mp3
church,#,[名]教会,church.mp3
king,#,[名]王様、王、国王,king.mp3
number,#,[名]数、番号、曲目,number.mp3
road,#,[名]道、道路,road.mp3
strange,#,[形]変な、奇妙な、めずらしい,strange.mp3
tonight,#,[名][副]今夜、今晩,tonight.mp3
trip,#,[名]旅行、旅,trip.mp3
yourself,#,[代]あなた自身、あなたたち自身、自分で,yourself.mp3
bridge,#,[名]橋、橋渡し,bridge.mp3
camera,#,[名]カメラ、写真機,camera.mp3
hat,#,[名](ふちのある)ぼうし,hat.mp3
song,#,[名]歌,song.mp3
theirs,#,[代]彼らのもの、彼女らのもの、それらのもの,theirs.mp3
forever,#,[副]永久に、永遠に,forever.mp3
rest,#,[動][名]休む、休息する、休ませる、休憩、残り,rest.mp3
wonder,#,[動]不思議に思う、疑問に思う、～かしらと思う,wonder.mp3
danger,#,[名]危険、危険な状態、脅威,danger.mp3
hate,#,[動][名]嫌いである、憎む、憎しみ,hate.mp3
sign,#,[名][動]符号、合図、標識、合図する、署名する,sign.mp3
real,#,[形]本当の、真の、本物の,real.mp3
century,#,[名]世紀、1世紀、10年間,century.mp3
island,#,[名]島,island.mp3
proud,#,[形]自慢して、誇りに思って,proud.mp3
set,#,[動][名]置く、(太陽や月が)沈む、セット、ひとまとまり,set.mp3
age,#,[名]年齢、時代、世代,age.mp3
beside,#,[前]のそばに、の横に、のかたわらに,beside.mp3
bright,#,[形]明るい、輝いている、利口な,bright.mp3
fan,#,[名]ファン、(熱心な)愛好者、うちわ,fan.mp3
heavy,#,[形]重い、ひどい、の重さがある,heavy.mp3
marry,#,[動]と結婚する,marry.mp3
greeting,#,[名]あいさつ,greeting.mp3
join,#,[動]加わる、参加する、といっしょになる,join.mp3
line,#,[名]ひも、線、列、路線,line.mp3
magazine,#,[名]雑誌,magazine.mp3
quite,#,[副]まったく、かなり、相当,quite.mp3
win,#,[動]勝つ、勝ちとる、獲得する,win.mp3
borrow,#,[動]借りる、借用する,borrow.mp3
capital,#,[名][形]首都、中心地、大文字(の),capital.mp3
dry,#,[形][動]乾燥した、乾いた、雨の降らない、乾く,dry.mp3
enter,#,[動]入る、入ってくる、入学する,enter.mp3
farmer,#,[名]農場主、農夫、農場経営者,farmer.mp3
medal,#,[名]記章、勲章、メダル,medal.mp3
pet,#,[名]ペット,pet.mp3
piece,#,[名]断片、一片、1つ、1曲,piece.mp3
police,#,[名]警察、警察隊,police.mp3
rabbit,#,[名]ウサギ,rabbit.mp3
report,#,[名][動]報告(書)、レポート、報道する、伝える,report.mp3
rock,#,[名]岩、ロック(音楽),rock.mp3
slow,#,[形][動]遅い、のろい、ゆるやかな、遅らせる,slow.mp3
bike,#,[名]自転車、オートバイ,bike.mp3
cloudy,#,[形]くもった、くもりの、雲の多い,cloudy.mp3
comic,#,[形][名]喜劇の、こっけいな、漫画の、漫画本,comic.mp3
contest,#,[名]コンテスト、競技、競争,contest.mp3
dead,#,[形]死んだ、枯れた、動かない,dead.mp3
full,#,[形]満ちた、いっぱいの、十分な,full.mp3
movie,#,[名]映画,movie.mp3
outside,#,[前][形]の外で〔に〕、の外(側)に、外側の,outside.mp3
team,#,[名]組、チーム,team.mp3
wish,#,[動][名]望む、願う、であればよいと思う、望み、願い,wish.mp3
chicken,#,[名]ニワトリ、鳥肉、チキン,chicken.mp3
decide,#,[動]決心する、決める、判断する,decide.mp3
dress,#,[名][動]ドレス、服、服を着る,dress.mp3
frog,#,[名]力エル,frog.mp3
grass,#,[名]芝生、草、草地,grass.mp3
knife,#,[名]ナイフ、包丁、メス,knife.mp3
meat,#,[名]肉,meat.mp3
nobody,#,[代]誰も～ない,nobody.mp3
reach ,#,[動][名]着く、伸ばす、届く範囲,reach .mp3
shall,#,[助]でしょう、するつもりだ,shall.mp3
singer,#,[名]歌手,singer.mp3
themselves,#,[代]彼(女)ら自身,themselves.mp3
west,#,[名][形]西(の)、西部(の),west.mp3
apple,#,[名]りんご,apple.mp3
bath ,#,[名]風呂,bath .mp3
bicycle,#,[名]自転車,bicycle.mp3
classroom,#,[名]教室,classroom.mp3
doll,#,[名]人形,doll.mp3
drop,#,[動][名]落とす、落ちる、しずく、落下,drop.mp3
finger,#,[名]指,finger.mp3
koala,#,[名]コアラ,koala.mp3
lion,#,[名]ライオン,lion.mp3
map,#,[名]地図,map.mp3
mistake,#,[名]間違い、誤り,mistake.mp3
ourselves,#,[代]私たち自身を(に),ourselves.mp3
coffee,#,[名]コーヒー,coffee.mp3
herself,#,[代]彼女自身を(に),herself.mp3
leg,#,[名]脚,leg.mp3
myself,#,[代]私自身,myself.mp3
north,#,[名]北、北部,north.mp3
piano ,#,[名]ピアノ,piano .mp3
shoe(s),#,[名]くつ,shoe(s).mp3
sugar,#,[名]砂糖,sugar.mp3
textbook,#,[名]教科書,textbook.mp3
volleyball,#,[名]バレーボール,volleyball.mp3
anyway,#,[副]ともかく、いずれにしても,anyway.mp3
lie ,#,[動][名]横たわる、うそをつく、うそ,lie .mp3
list,#,[名][動]表、名簿、列挙する,list.mp3
judge,#,[動][名]判断する、裁判官、審査員,judge.mp3
nearly,#,[副]殆ど、だいたい、ほぼ,nearly.mp3
energy,#,[名]エネルギー,energy.mp3
finally,#,[副]ついに、とうとう、最後に,finally.mp3
hurt,#,[動]傷つける、けがをさせる,hurt.mp3
planet,#,[名]惑星,planet.mp3
shy,#,[形]恥ずかしがりの、内気な,shy.mp3
square,#,[名]平方、正方形、広場,square.mp3
enemy,#,[名]敵,enemy.mp3
entrance,#,[名]入学、入り口,entrance.mp3
festival,#,[名]祭り、祭日,festival.mp3
funny,#,[形]おかしな、こっけいな,funny.mp3
government,#,[名]政府、政治,government.mp3
however,#,[副]しかしながら,however.mp3
pale,#,[形]青白い、青ざめた,pale.mp3
shake,#,[動]振る、震える,shake.mp3
shoot,#,[動][名]撃つ、シュート,shoot.mp3
tie,#,[動][名]結ぶ、ネクタイ,tie.mp3
abroad,#,[副]外国へ、海外に,abroad.mp3
astronaut,#,[名]宇宙飛行士,astronaut.mp3
choose,#,[動]選ぶ、選択する,choose.mp3
joy,#,[名]喜び,joy.mp3
rub,#,[動]こする,rub.mp3
traffic,#,[名]交通、運送、取引 ,traffic.mp3
wake,#,[動]目を覚ます,wake.mp3
whole ,#,[副]すべての、全体の,whole .mp3
wild,#,[形]野生の,wild.mp3
youth,#,[名]若さ、青春時代,youth.mp3
band,#,[名]バンド、楽団 ,band.mp3
block,#,[名]ブロック、区画 ,block.mp3
mind,#,[名]心、精神 ,mind.mp3
past,#,[名]過去 ,past.mp3
sigh,#,[名][動]ため息 、ため息をつく,sigh.mp3
straight,#,[副]まっすぐに,straight.mp3
against,#,[前]～に対して、反対して、逆らって,against.mp3
cross,#,[動][名]横断する、横切る、十字形,cross.mp3
feeling,#,[名]感情、感覚 ,feeling.mp3
grade,#,[名]学年、成績、等級,grade.mp3
guide,#,[名][動]案内人、案内する,guide.mp3
jam,#,[名]ジャム、混雑,jam.mp3
perhaps,#,[副]たぶん,perhaps.mp3
point[名]点、要点,#,[動]指差す,point[名]点、要点.mp3
ring ,#,[動][名]鳴る、リング,ring .mp3
throw,#,[動]投げる,throw.mp3
weak,#,[形]弱い ,weak.mp3
wedding,#,[名]結婚式、婚礼 ,wedding.mp3
bow,#,[動][名]お辞儀をする 、お辞儀、弓,bow.mp3
clerk,#,[名]店員、係り、売り子、事務員,clerk.mp3
cloth,#,[名]布、布地、(複数形で)服,cloth.mp3
continent,#,[名]大陸,continent.mp3
copy,#,[動][名]複写する、コピーする、複写,copy.mp3
date,#,[名][動]日付 、デートする,date.mp3
death,#,[名]死 ,death.mp3
lonely,#,[形]孤独な、さびしい,lonely.mp3
nature,#,[名]自然、本質,nature.mp3
period,#,[名]期間、時代、時限,period.mp3
pond,#,[名]池、沼 ,pond.mp3
scientist,#,[名]科学者,scientist.mp3
shine,#,[動][名]輝く、光る、輝き、光沢,shine.mp3
wet,#,[動][形]ぬらす、ぬれた、湿った,wet.mp3
air,#,[名][動]空気、大気 、放送する,air.mp3
crane,#,[名]クレーン、ツル,crane.mp3
duck,#,[名]アヒル、カモ,duck.mp3
gold,#,[名][形]金(の),gold.mp3
lucky,#,[形]幸運な、運が良い ,lucky.mp3
modern,#,[形]現代の、近代の,modern.mp3
nickname,#,[名]あだ名、愛称,nickname.mp3
pick,#,[動]摘む、摘み取る,pick.mp3
switch,#,[名][動]スイッチ、せん、スイッチをひねる,switch.mp3
wood,#,[名]木、材木、(複数形で)森,wood.mp3
above,#,[前][副]～の上に、より高く,above.mp3
cartoon ,#,[名]漫画、風刺漫画 ,cartoon .mp3
chest,#,[名]胸、整理ダンス、道具箱,chest.mp3
dish,#,[名]皿、料理,dish.mp3
fill,#,[動]満たす、いっぱいにする,fill.mp3
floor,#,[名]床、階,floor.mp3
guest,#,[名]客、ゲスト,guest.mp3
hungry ,#,[形]飢えた、空腹の,hungry .mp3
hurry,#,[動]急ぐ,hurry.mp3
mail,#,[名][動]郵便、投函する,mail.mp3
mouse,#,[名]ネズミ,mouse.mp3
poem,#,[名]詩,poem.mp3
safe,#,[形][名]安全な、無事な、金庫,safe.mp3
seat,#,[名]席、座席,seat.mp3
theater,#,[名]劇場、映画館,theater.mp3
vegetable ,#,[名]野菜,vegetable .mp3
airport,#,[名]空港、飛行場,airport.mp3
art ,#,[名]芸術、美術,art .mp3
east,#,[名][副]東(へ)、東部、東洋,east.mp3
husband,#,[名]夫,husband.mp3
loud,#,[形](声が)大きい、騒がしい,loud.mp3
museum,#,[名]博物館、美術館,museum.mp3
ocean,#,[名]大洋、海、海洋,ocean.mp3
partner,#,[名]パートナー、相棒、相手,partner.mp3
pilot,#,[名]パイロット、操縦士,pilot.mp3
push,#,[動][名]押す、押すこと,push.mp3
telephone,#,[名]電話、電話機,telephone.mp3
album,#,[名]アルバム,album.mp3
basketball,#,[名]バスケットボール,basketball.mp3
coin,#,[名]コイン、硬貨,coin.mp3
pumpkin,#,[名]かぼちゃ,pumpkin.mp3
sketch,#,[名][動]スケッチ、写生画、写生する,sketch.mp3
clock,#,[名]時計、置時計、掛け時計,clock.mp3
himself,#,[代]彼自身,himself.mp3
horse,#,[名]馬,horse.mp3
hotel,#,[名]ホテル、旅館,hotel.mp3
lady,#,[名]女性、婦人,lady.mp3
recycling,#,[名]再利用、リサイクル,recycling.mp3
rose,#,[名]バラ,rose.mp3
tape,#,[名]テープ,tape.mp3
thanks,#,[名]感謝,thanks.mp3
beat,#,[名]鼓動、拍子,beat.mp3
share,#,[動]分け合う、共有する,share.mp3
destroy,#,[動]破壊する、壊す,destroy.mp3
somewhere,#,[副]どこかへ、どこかに,somewhere.mp3
although,#,[接]だけれども,although.mp3
impossible,#,[形]不可能な,impossible.mp3
message,#,[名]伝言、ことづて,message.mp3
protect,#,[動]守る、保護する,protect.mp3
secret,#,[名][形]秘密、秘密の,secret.mp3
beauty,#,[名]美、美しさ,beauty.mp3
control,#,[動]支配する、管理する,control.mp3
hang ,#,[動]掛ける、つるす,hang .mp3
plastic,#,[名][形]プラスチック(の),plastic.mp3
position,#,[名]位置、地位、立場,position.mp3
stranger,#,[名]見知らぬ人,stranger.mp3
style,#,[名]様式、スタイル、型,style.mp3
truth,#,[名]真実、本当のこと,truth.mp3
valley,#,[名]谷、低地,valley.mp3
blow,#,[動]吹く、鳴らす,blow.mp3
bomb,#,[名]爆弾,bomb.mp3
forgive ,#,[動]許す,forgive .mp3
kid,#,[名]子供、子ヤギ[動]からかう,kid.mp3
luck,#,[名]運、幸運,luck.mp3
nod,#,[動]うなずく,nod.mp3
relax,#,[動]くつろぐ、リラックスする,relax.mp3
shock,#,[動][名] ショックを与える、打撃,shock.mp3
shore,#,[名]岸、海岸,shore.mp3
stupid,#,[形]馬鹿な、おろかな,stupid.mp3
tear,#,[名]涙,tear.mp3
wheelchair,#,[名]車椅子,wheelchair.mp3
bill,#,[名]請求書、紙幣、勘定書,bill.mp3
clear,#,[形]はっきりした、明白な、晴れた,clear.mp3
crowd,#,[動][名]群がる、群集、人ごみ,crowd.mp3
feather,#,[名]羽、羽毛,feather.mp3
flight,#,[名]飛行、空の旅,flight.mp3
gesture,#,[名]身振り、手振り,gesture.mp3
hole,#,[名]穴,hole.mp3
hunt,#,[動][名]狩る、狩り,hunt.mp3
instrument,#,[名]器具、楽器,instrument.mp3
knee,#,[名]ひざ、ひざがしら,knee.mp3
polite,#,[形]礼儀正しい、丁寧な,polite.mp3
president ,#,[名]大統領、社長,president .mp3
rather,#,[副]かなり、むしろ、幾分,rather.mp3
silly,#,[形]ばかげた、おろかな,silly.mp3
symbol,#,[名]象徴、シンボル,symbol.mp3
trick,#,[名][動]いたずら、だます,trick.mp3
advice,#,[名]忠告、助言,advice.mp3
atomic,#,[形]原子(力)の,atomic.mp3
below ,#,[前]～の下の方に、より下に,below .mp3
business,#,[名]仕事、商売、事業,business.mp3
check,#,[動][名]調べる、照合する、伝票、小切手,check.mp3
coast,#,[名]海岸、沿岸,coast.mp3
cousin ,#,[名]いとこ,cousin .mp3
daily,#,[形]毎日の、日々の,daily.mp3
discover,#,[動]発見する,discover.mp3
fact,#,[名]事実、真実,fact.mp3
film,#,[名]映画、フィルム,film.mp3
fool,#,[名][動]ばか、愚か者、だます、かつぐ,fool.mp3
forward,#,[副]将来は、前へ,forward.mp3
gift,#,[名]贈り物、プレゼント,gift.mp3
goal,#,[名]ゴール、目標、得点,goal.mp3
hero,#,[名]英雄、主人公、ヒーロー,hero.mp3
meaning,#,[名]意味、意義,meaning.mp3
mirror,#,[名]鏡,mirror.mp3
officer,#,[名]役人、警官、幹部,officer.mp3
pleasant,#,[形]楽しい、愉快な,pleasant.mp3
post,#,[名][動]郵便、投函する,post.mp3
power,#,[名]力,power.mp3
refrigerator,#,[名]冷蔵庫,refrigerator.mp3
sail,#,[動]航行する、操縦する,sail.mp3
senior,#,[形]年長の、年上の,senior.mp3
simple,#,[形]簡単な、単純な,simple.mp3
slip,#,[動]すべる,slip.mp3
subway,#,[名]地下鉄,subway.mp3
teenager,#,[名]ティーンエイジャー、１０代の人,teenager.mp3
weekend,#,[名]週末、ウイークエンド,weekend.mp3
address,#,[名]住所、宛名,address.mp3
billion,#,[名]１０億,billion.mp3
blind,#,[形]目の見えない、盲目の,blind.mp3
blossom,#,[名][動]花、開花する、花が咲く,blossom.mp3
brush,#,[動][名](ブラシで)磨く、筆、ブラシ,brush.mp3
cave,#,[名]洞窟、洞穴,cave.mp3
clap,#,[動]拍手する、手をたたく,clap.mp3
cover,#,[動][名]おおう、覆い、表紙、カバー,cover.mp3
factory,#,[名]工場,factory.mp3
fair,#,[形]晴れた、公正な、美しい,fair.mp3
fantastic,#,[形]空想的な、素敵な,fantastic.mp3
giant,#,[形][名]巨大な、巨人,giant.mp3
gun,#,[名]銃 ,gun.mp3
headache,#,[名]頭痛,headache.mp3
moment,#,[名]瞬間,moment.mp3
prison,#,[名]刑務所、牢獄,prison.mp3
round,#,[形][副]丸い、回って,round.mp3
shoulder,#,[名]肩,shoulder.mp3
strict,#,[形]厳しい、厳格な,strict.mp3
tip,#,[名]チップ、先端、とがった先,tip.mp3
tour,#,[名]旅行、周遊旅行,tour.mp3
upon,#,[前]の上に、の上で,upon.mp3
acid,#,[名][形]酸、酸性の、すっぱい,acid.mp3
bloom,#,[動][名]開花する、花盛り,bloom.mp3
boot,#,[名]ブーツ、長靴,boot.mp3
cheer,#,[名][動]声援、元気づける、はげます,cheer.mp3
deer,#,[名]鹿,deer.mp3
downstairs,#,[副]階下へ、階下で,downstairs.mp3
exam,#,[名]試験、テスト,exam.mp3
expensive,#,[形]高価な、値段が高い,expensive.mp3
gas,#,[名]排気ガス、ガソリン、気体,gas.mp3
lawyer,#,[名]弁護士、法律家,lawyer.mp3
ray,#,[名]光線,ray.mp3
safely,#,[副]安全に、無事に,safely.mp3
servant,#,[名]召使、使用人,servant.mp3
silent,#,[形]静かな、沈黙した、無言の,silent.mp3
slide,#,[動][名]すべる、スライド,slide.mp3
sometime,#,[副]いつか、そのうち、あるとき,sometime.mp3
soup,#,[名]スープ ,soup.mp3
sunset,#,[名]夕焼け、日没、日暮れ,sunset.mp3
temple,#,[名]寺、寺院 ,temple.mp3
thin,#,[形]細い、やせた、薄い,thin.mp3
toy,#,[名]おもちゃ,toy.mp3
apartment,#,[名]アパート,apartment.mp3
bank,#,[名]銀行、土手,bank.mp3
basement,#,[名]地下室、地階,basement.mp3
candy,#,[名】キャンディー,candy.mp3
captain,#,[名]船長、キャプテン,captain.mp3
carefully,#,[副]注意深く、気をつけて,carefully.mp3
center,#,[名]中心、中央、センター,center.mp3
course,#,[名]進路、講座、方向,course.mp3
cream,#,[名]クリーム,cream.mp3
earthquake,#,[名]地震,earthquake.mp3
fire,#,[名]火、火事,fire.mp3
fox,#,[名]キツネ,fox.mp3
fresh,#,[形]新鮮な,fresh.mp3
gentle,#,[形]穏やかな、優しい,gentle.mp3
juice,#,[名]ジュース,juice.mp3
kangaroo,#,[名]カンガルー,kangaroo.mp3
kick,#,[動]ける,kick.mp3
law,#,[名]法律,law.mp3
lip,#,[名]唇,lip.mp3
mayor,#,[名]市長、町長,mayor.mp3
neck,#,[名]首,neck.mp3
none,#,[代]誰も～ない,none.mp3
pants,#,[名]ズボン、スラックス,pants.mp3
pipe,#,[名]笛、パイプ、管,pipe.mp3
print,#,[動]印刷する,print.mp3
sailor,#,[名]船乗り、船員、水夫,sailor.mp3
snake,#,[名]蛇、陰険な人,snake.mp3
stage,#,[名]舞台、段階,stage.mp3
suitcase,#,[名]スーツケース,suitcase.mp3
translate,#,[動]訳す、翻訳する,translate.mp3
tube,#,[名]管、チューブ、地下鉄,tube.mp3
uniform,#,[名]制服、ユニフォーム,uniform.mp3
zone,#,[名]地帯、特定地域、区域,zone.mp3
bar,#,[名]棒、酒場,bar.mp3
beef,#,[名]牛肉,beef.mp3
breeze,#,[名][動]そよ風、そよそよと吹く,breeze.mp3
chopstick,#,[名]箸,chopstick.mp3
concert,#,[名]コンサート、演奏会、音楽会,concert.mp3
dessert,#,[名]デザート,dessert.mp3
elephant,#,[名]象,elephant.mp3
engineer,#,[名]技師、エンジニア,engineer.mp3
fork,#,[名]フォーク,fork.mp3
glove,#,[名]グローブ、手袋,glove.mp3
grandmother,#,[名]おばあさん、祖母,grandmother.mp3
health,#,[名]健康,health.mp3
interpreter,#,[名]通訳、通訳者,interpreter.mp3
leaf,#,[名]葉、木の葉,leaf.mp3
mix,#,[動]混ぜる,mix.mp3
passport,#,[名]旅券、パスポート,passport.mp3
purse,#,[名]財布,purse.mp3
roof,#,[名]屋根、屋上,roof.mp3
runner,#,[名]走者、ランナー,runner.mp3
sorrow,#,[名]悲しみ、悲哀、残念,sorrow.mp3
speaker,#,[名]話し手、話す人、演説者,speaker.mp3
sweet,#,[形][名]甘い、キャンディ、甘い菓子,sweet.mp3
waiter,#,[名]ウエイター,waiter.mp3
absent,#,[形]欠席して、不在の、欠けて,absent.mp3
bakery,#,[名]パン屋,bakery.mp3
circus,#,[名]サーカス,circus.mp3
classmate,#,[名]同級生、クラスメート、級友,classmate.mp3
driver,#,[名]運転手、ドライバー,driver.mp3
few,#,[形]殆どない、少ししかない,few.mp3
freely,#,[形]自由に、勝手に,freely.mp3
gate,#,[名]門、出入り口,gate.mp3
gentleman,#,[名]紳士、男の人,gentleman.mp3
hometown,#,[名]故郷、生まれた故郷の町,hometown.mp3
hospital ,#,[名]病院,hospital .mp3
jar,#,[名]つぼ、びん、かめ,jar.mp3
low,#,[形][副]低い、低く,low.mp3
ｍiddle,#,[形]中間の、真ん中の,ｍiddle.mp3
mile,#,[名]マイル,mile.mp3
oil,#,[名]油、石油,oil.mp3
potato,#,[名]じゃがいも,potato.mp3
prince,#,[名]王子,prince.mp3
salt,#,[名]塩、食塩,salt.mp3
size,#,[名]サイズ、寸法、大きさ,size.mp3
spray,#,[名]スプレー、しぶき,spray.mp3
stamp,#,[名]切手、スタンプ,stamp.mp3
supper,#,[名]夕食,supper.mp3
topic,#,[名]話題、トピック,topic.mp3
tower,#,[名]塔、タワー,tower.mp3
zero,#,[名]ゼロ、無、零,zero.mp3
bell,#,[名]ベル、鐘,bell.mp3
brown,#,[名][形]茶色(の),brown.mp3
carrot,#,[名]にんじん,carrot.mp3
cement,#,[名]セメント,cement.mp3
chain,#,[名] 鎖、チェーン,chain.mp3
cycling,#,[名]サイクリング,cycling.mp3
eraser,#,[名]消しゴム,eraser.mp3
flag,#,[名]旗,flag.mp3
goose,#,[名]ガチョウ、ガン,goose.mp3
knock,#,[動]打つ、たたく、ノックする,knock.mp3
liberty,#,[名]自由,liberty.mp3
pie,#,[名]パイ,pie.mp3
soft,#,[形]やわらかい、甘い,soft.mp3
surprise,#,[動]驚かす、びっくりさせる,surprise.mp3
witch,#,[名]魔女、女の魔法使い,witch.mp3
zoo,#,[名]動物園,zoo.mp3
banana,#,[名]バナナ,banana.mp3
cooking,#,[名]料理,cooking.mp3
cow,#,[名]雌牛、牛,cow.mp3
deep,#,[形]深い、色が濃い,deep.mp3
everybody,#,[名]みんな、誰でも,everybody.mp3
Good-by,#,[間]さようなら,Good-by.mp3
ice,#,[名]氷,ice.mp3
tooth,#,[名]歯,tooth.mp3
Africa,#,[名]アフリカ,Africa.mp3
America,#,[名]アメリカ,America.mp3
American,#,[形]アメリカ(人)の,American.mp3
Asia,#,[名]アジア,Asia.mp3
Australia,#,[名]オーストラリア,Australia.mp3
Brazil,#,[名]ブラジル,Brazil.mp3
Canada,#,[名]カナダ,Canada.mp3
China,#,[名]中国,China.mp3
Chinese,#,[形]中国(人)の,Chinese.mp3
England,#,[名]イングランド、英国,England.mp3
English,#,[名][形]英語、英語の、英国人の,English.mp3
Europe,#,[名]ヨーロッパ、欧州,Europe.mp3
European,#,[形]ヨーロッパ(人)の,European.mp3
France,#,[名]フランス,France.mp3
French,#,[名][形]フランス語、フランス(人)の,French.mp3
German,#,[名][形]ドイツ語、ドイツ(人)の,German.mp3
Germany,#,[名]ドイツ,Germany.mp3
Holland,#,[名]オランダ,Holland.mp3
Italy,#,[名]イタリア,Italy.mp3
Japan,#,[名]日本,Japan.mp3
Japanese,#,[形]日本(人)の,Japanese.mp3
Korea,#,[名]韓国朝鮮,Korea.mp3
Korean,#,[形]韓国朝鮮(人)の,Korean.mp3
London,#,[名]ロンドン,London.mp3
New York,#,[名]ニューヨーク,New York.mp3
New Zealand,#,[名]ニュージーランド,New Zealand.mp3
Mexico,#,[名]メキシコ,Mexico.mp3
Paris,#,[名]パリ,Paris.mp3
Rome,#,[名]ローマ,Rome.mp3
Russia,#,[名]ロシア,Russia.mp3
Singapore,#,[名]シンガポール,Singapore.mp3
Spain,#,[名]スペイン,Spain.mp3
Switzerland,#,[名]スイス,Switzerland.mp3
