animal,#,[名]動物,sound_a_f/animal.mp3
beat,#,[名]鼓動、拍子,sound_a_f/beat.mp3
body,#,[名]体、胴体、身体,sound_a_f/body.mp3
car,#,[名]自動車、車、乗用車,sound_a_f/car.mp3
cement,#,[名]セメント,sound_a_f/cement.mp3
circus,#,[名]サーカス,sound_a_f/circus.mp3
elephant,#,[名]象,sound_a_f/elephant.mp3
hobby,#,[名]趣味、道楽,sound_g_n/hobby.mp3
Holland,#,[名]オランダ,sound_g_n/Holland.mp3
how,#,[副]どんなふうに、どのようにして,sound_g_n/how.mp3
ice,#,[名]氷,sound_g_n/ice.mp3
jar,#,[名]つぼ、びん、かめ,sound_g_n/jar.mp3
mouse,#,[名]ネズミ,sound_g_n/mouse.mp3
nickname,#,[名]あだ名、愛称,sound_g_n/nickname.mp3
astronaut,#,[名]宇宙飛行士,sound_a_f/astronaut.mp3
bakery,#,[名]パン屋,sound_a_f/bakery.mp3
pale,#,[形]青白い、青ざめた,sound_o_s/pale.mp3
Paris,#,[名]パリ,sound_o_s/Paris.mp3
partner,#,[名]パートナー、相棒、相手,sound_o_s/partner.mp3
pipe,#,[名]笛、パイプ、管,sound_o_s/pipe.mp3
position,#,[名]位置、地位、立場,sound_o_s/position.mp3
pumpkin,#,[名]かぼちゃ,sound_o_s/pumpkin.mp3
ray,#,[名]光線,sound_o_s/ray.mp3
refrigerator,#,[名]冷蔵庫,sound_o_s/refrigerator.mp3
senior,#,[形]年長の、年上の,sound_o_s/senior.mp3
sigh,#,[名][動]ため息 、ため息をつく,sound_o_s/sigh.mp3
silly,#,[形]ばかげた、おろかな,sound_o_s/silly.mp3
slip,#,[動]すべる,sound_o_s/slip.mp3
sometime,#,[副]いつか、そのうち、あるとき,sound_o_s/sometime.mp3
sorrow,#,[名]悲しみ、悲哀、残念,sound_o_s/sorrow.mp3
soup,#,[名]スープ ,sound_o_s/soup.mp3
spray,#,[名]スプレー、しぶき,sound_o_s/spray.mp3
strict,#,[形]厳しい、厳格な,sound_o_s/strict.mp3
switch,#,[名][動]スイッチ、せん、スイッチをひねる,sound_o_s/switch.mp3
theirs,#,[代]彼らのもの、彼女らのもの、それらのもの,sound_t_z/theirs.mp3
wedding,#,[名]結婚式、婚礼 ,sound_t_z/wedding.mp3
witch,#,[名]魔女、女の魔法使い,sound_t_z/witch.mp3
shoes,#,[名]くつ,sound_o_s/shoes.mp3
art,#,[名]芸術、美術,sound_a_f/art.mp3
French,#,[名][形]フランス語、フランス(人)の,sound_a_f/French.mp3
,,,
brush,#,[動][名](ブラシで)磨く、筆、ブラシ,sound_a_f/brush.mp3
Good-by,#,[間]さようなら,sound_g_n/Good-by.mp3
hang,#,[動]掛ける、つるす,sound_g_n/hang.mp3
hungry,#,[形]飢えた、空腹の,sound_g_n/hungry.mp3
lie,#,[動][名]横たわる、うそをつく、うそ,sound_g_n/lie.mp3
September,#,[名]9月,sound_o_s/September.mp3
thanks,#,[名]感謝,sound_t_z/thanks.mp3
theirs,#,[代]彼らのもの、彼女らのもの、それらのもの,sound_t_z/theirs.mp3
